Year,Unemployment rate,Vacancy rate
2020,0.0383,0.0424
2020.25,0.13,0.0341
2020.5,0.088,0.0395
2020.75,0.0673,0.0419
2021,0.0623,0.0453
2021.25,0.0593,0.0574
2021.5,0.0507,0.0664
2021.75,0.0417,0.0687
2022,0.038,0.0701
2022.25,0.0363,0.072
2022.5,0.0353,0.0666
2022.75,0.0357,0.0648
2023,0.035,0.0627
2023.25,0.0357,0.0576
2023.5,0.037,0.0543
2023.75,0.0373,0.0535
2024,0.038,0.0526
2024.25,0.04,0.0486
